ts,run_tag,mode,phase,ep,step,reward,done,mem_len,learn_flag,ee_x,ee_y,ee_z,j1,j2,j3,j4,j5,j6,sphere_x,sphere_y,sphere_z,dist_out,signed,closest_link
1763398766.9366064,ddpg_train,FAR,train,1,0,-8.467596210007256,0,1,0,0.021,0.038,1.395,-0.0718432,-0.0026748928,0.038556077,0.064934,-0.024265308,0.028616251,0.0,0.0,0.0,0.3978767395019531,0.3978767395019531,link6
1763398768.3176877,ddpg_train,FAR,train,1,1,-8.364251169187419,0,2,0,-0.087,0.062,1.388,-0.21754542,-0.013352845,-0.1498313,0.17100593,0.10971926,0.43154812,0.0,0.0,0.0,0.6064488887786865,0.6064488887786865,link6
1763398769.7006526,ddpg_train,FAR,train,1,2,-8.26590498524857,0,3,0,-0.199,0.069,1.361,-0.13848625,-5.1376563e-05,-0.34088805,0.22896451,0.019815078,0.60688704,0.0,0.0,0.0,0.7524644732475281,0.7524644732475281,link6
1763398771.0955236,ddpg_train,FAR,train,1,3,-8.157432885599388,0,4,0,-0.28,0.059,1.326,-0.07805975,0.0071164584,-0.46178773,0.30704752,-0.06491309,0.70671046,0.0,0.0,0.0,0.56108558177948,0.56108558177948,link6
1763398772.4835234,ddpg_train,FAR,train,1,4,-8.448430498161288,0,5,0,0.065,0.037,1.393,0.0062120534,0.06031702,-0.0016737635,0.34838334,-0.056306574,0.26295087,0.0,0.0,0.0,0.4155474007129669,0.4155474007129669,link6
1763398773.8711865,ddpg_train,FAR,train,1,5,-8.44295410649661,0,6,0,0.094,0.029,1.392,-0.10575517,0.07341869,0.006589351,0.2791209,-0.026391532,0.19749923,0.0,0.0,0.0,0.4266921281814575,0.4266921281814575,link6
1763398775.2478127,ddpg_train,FAR,train,1,6,-8.353761757295606,0,7,0,-0.117,0.042,1.385,-0.025384702,-0.007464791,-0.16763419,-0.055968605,-0.021296218,-0.24018246,0.0,0.0,0.0,0.6179559826850891,0.6179559826850891,link6
1763398776.6272223,ddpg_train,FAR,train,1,7,-8.365010571847613,0,8,0,-0.104,0.011,1.388,0.2879057,-0.008233313,-0.1388805,-0.052347157,0.021436688,-0.12083962,0.0,0.0,0.0,0.592156708240509,0.592156708240509,link6
